USE [DiamondShop]
GO

DELETE FROM dbo.Accounts WHERE 1=1
GO
DELETE FROM dbo.Orders WHERE 1=1
GO
DELETE FROM dbo.[Order Detail] WHERE 1=1
GO
DELETE FROM dbo.Products WHERE 1=1
GO
DELETE FROM dbo.Roles WHERE 1=1
GO
DELETE FROM dbo.[Status] WHERE 1=1
GO
DELETE FROM dbo.Shells WHERE 1=1
GO
DELETE FROM dbo.Material WHERE 1=1
GO
DELETE FROM dbo.Diamonds WHERE 1=1
GO
DELETE FROM dbo.Categories WHERE 1=1
GO

INSERT [dbo].[Roles] ([RoleID], [RoleName]) VALUES (N'AD', N'Admin')
INSERT [dbo].[Roles] ([RoleID], [RoleName]) VALUES (N'DS', N'Delivery Staff')
INSERT [dbo].[Roles] ([RoleID], [RoleName]) VALUES (N'MN', N'Manager')
INSERT [dbo].[Roles] ([RoleID], [RoleName]) VALUES (N'SS', N'Sale Staff')
INSERT [dbo].[Roles] ([RoleID], [RoleName]) VALUES (N'US', N'User')
GO

INSERT [dbo].[Accounts] ([AccountID], [UserName], [FullName], [Email], [Password], [PhoneNumber], [Role], [Address]) VALUES (N'AD001', N'Admin01', N'ADMIN', N'admin@gmail.com', N'admin001', 123456789, N'AD', N'')
INSERT [dbo].[Accounts] ([AccountID], [UserName], [FullName], [Email], [Password], [PhoneNumber], [Role], [Address]) VALUES (N'DS001', N'AnhHungDS', N'Nguyen Anh Hung', N'AnhHung@gmail.com', N'anhhungDS', 369852147, N'DS', N'Le Van Viet, TP Thu Duc, HCM')
INSERT [dbo].[Accounts] ([AccountID], [UserName], [FullName], [Email], [Password], [PhoneNumber], [Role], [Address]) VALUES (N'MN001', N'Manager01', N'MANAGER', N'manager01@gmail.com', N'manager001', 987654321, N'MN', N'')
INSERT [dbo].[Accounts] ([AccountID], [UserName], [FullName], [Email], [Password], [PhoneNumber], [Role], [Address]) VALUES (N'SS001', N'SuperSale', N'Nguyen Van A', N'SuperSale@gmail.com', N'nguyenasale', 24589751, N'SS', N'')
INSERT [dbo].[Accounts] ([AccountID], [UserName], [FullName], [Email], [Password], [PhoneNumber], [Role], [Address]) VALUES (N'US001', N'Lac Long', N'Long Hong Anh', N'laclongvang@gmail.com', N'laclong01', 98564127, N'US', N'97 Hoang Huu Nam, TP Thu Duc, HCM')
GO

INSERT [dbo].[Status] ([StatusID], [StatusName]) VALUES (0, N'Pending')
INSERT [dbo].[Status] ([StatusID], [StatusName]) VALUES (1, N'On delivery')
INSERT [dbo].[Status] ([StatusID], [StatusName]) VALUES (2, N'Deliveried')
INSERT [dbo].[Status] ([StatusID], [StatusName]) VALUES (3, N'Cancelled')
GO

INSERT [dbo].[Orders] ([OrderID], [AccountID], [TotalPrice], [Address], [StatusID]) VALUES (N'O00001', N'US001', 100000, N'Le Van Viet', 0)
GO

INSERT INTO dbo.Categories(CategoryID,CategoryName) VALUES('1','Rings')
INSERT INTO dbo.Categories(CategoryID,CategoryName) VALUES('2','Engagement')
INSERT INTO dbo.Categories(CategoryID,CategoryName) VALUES('3','Earrings')
INSERT INTO dbo.Categories(CategoryID,CategoryName) VALUES('4','Bracelets')
INSERT INTO dbo.Categories(CategoryID,CategoryName) VALUES('5','Necklaces')
GO

INSERT INTO dbo.Material (MaterialID,MaterialName) VALUES('1','White Gold')
INSERT INTO dbo.Material (MaterialID,MaterialName) VALUES('2','Platinum')
INSERT INTO dbo.Material (MaterialID,MaterialName) VALUES('3','Silver')
INSERT INTO dbo.Material (MaterialID,MaterialName) VALUES('4','Gold')
INSERT INTO dbo.Material (MaterialID,MaterialName) VALUES('5','Yellow Gold')
INSERT INTO dbo.Material (MaterialID,MaterialName) VALUES('6','Rose Gold')
GO

INSERT INTO dbo.Shells(ShellID,Name,ShellPrice,Quantity) VALUES('1','Halo','14315000','13')
INSERT INTO dbo.Shells(ShellID,Name,ShellPrice,Quantity) VALUES('2','Vintage','47998600','7')
INSERT INTO dbo.Shells(ShellID,Name,ShellPrice,Quantity) VALUES('3','Promise','2199066.6667','4')
INSERT INTO dbo.Shells(ShellID,Name,ShellPrice,Quantity) VALUES('4','Wishbone','13480233.3333','2')
INSERT INTO dbo.Shells(ShellID,Name,ShellPrice,Quantity) VALUES('5','Cocktail','2921666.6667','12')
INSERT INTO dbo.Shells(ShellID,Name,ShellPrice,Quantity) VALUES('6','Men''s','1974100','4')
INSERT INTO dbo.Shells(ShellID,Name,ShellPrice,Quantity) VALUES('7','Solitaire','3147266.6667','6')
INSERT INTO dbo.Shells(ShellID,Name,ShellPrice,Quantity) VALUES('8','3 Stone Trilogy','16571100','3')
INSERT INTO dbo.Shells(ShellID,Name,ShellPrice,Quantity) VALUES('9','Sidestone','12690600','2')
INSERT INTO dbo.Shells(ShellID,Name,ShellPrice,Quantity) VALUES('10','Cluster','12397300','6')
INSERT INTO dbo.Shells(ShellID,Name,ShellPrice,Quantity) VALUES('11','Studs','4455833.3333','2')
INSERT INTO dbo.Shells(ShellID,Name,ShellPrice,Quantity) VALUES('12','Hoop','44308166.6667','4')
INSERT INTO dbo.Shells(ShellID,Name,ShellPrice,Quantity) VALUES('13','Drop','7885100','9')
INSERT INTO dbo.Shells(ShellID,Name,ShellPrice,Quantity) VALUES('14','Huggie','7546666.6667','3')
INSERT INTO dbo.Shells(ShellID,Name,ShellPrice,Quantity) VALUES('15','Chandelier','84479800','1')
INSERT INTO dbo.Shells(ShellID,Name,ShellPrice,Quantity) VALUES('16','Tennis','9915600','9')
INSERT INTO dbo.Shells(ShellID,Name,ShellPrice,Quantity) VALUES('17','Bangles','12239366.6667','7')
INSERT INTO dbo.Shells(ShellID,Name,ShellPrice,Quantity) VALUES('18','Everyday','6757033.3333','3')
INSERT INTO dbo.Shells(ShellID,Name,ShellPrice,Quantity) VALUES('19','Evening','25933933.3333','8')
INSERT INTO dbo.Shells(ShellID,Name,ShellPrice,Quantity) VALUES('20','Lines of Diamonds','18669266.6667','12')
INSERT INTO dbo.Shells(ShellID,Name,ShellPrice,Quantity) VALUES('21','Heart','15217433.3333','7')
INSERT INTO dbo.Shells(ShellID,Name,ShellPrice,Quantity) VALUES('22','Wedding','12393666.6667','8')
INSERT INTO dbo.Shells(ShellID,Name,ShellPrice,Quantity) VALUES('23','Statement','5582233.3333','8')
GO

INSERT INTO dbo.Diamonds (DiamondID,CaratWeight,Color,Clarity,Cut,Price,Quantity) VALUES('1','1.3','F','VS1','Cushion','28630000','7')
INSERT INTO dbo.Diamonds (DiamondID,CaratWeight,Color,Clarity,Cut,Price,Quantity) VALUES('2','1.3','G','VS ','Cushion','46904400','2')
INSERT INTO dbo.Diamonds (DiamondID,CaratWeight,Color,Clarity,Cut,Price,Quantity) VALUES('3','1.7','G','VS ','Emerald Cut','95997200','2')
INSERT INTO dbo.Diamonds (DiamondID,CaratWeight,Color,Clarity,Cut,Price,Quantity) VALUES('4','1.25','H','SI','Round','19740933.3333','5')
INSERT INTO dbo.Diamonds (DiamondID,CaratWeight,Color,Clarity,Cut,Price,Quantity) VALUES('5','0.25','H','SI','Octagon','5617733.3333','5')
INSERT INTO dbo.Diamonds (DiamondID,CaratWeight,Color,Clarity,Cut,Price,Quantity) VALUES('6','0.33','G','SI','Octagon','13039666.6667','6')
INSERT INTO dbo.Diamonds (DiamondID,CaratWeight,Color,Clarity,Cut,Price,Quantity) VALUES('7','0.45','H','I2','Round','10039666.6667','7')
INSERT INTO dbo.Diamonds (DiamondID,CaratWeight,Color,Clarity,Cut,Price,Quantity) VALUES('8','0.5','G','SI','Round','26960466.6667','2')
INSERT INTO dbo.Diamonds (DiamondID,CaratWeight,Color,Clarity,Cut,Price,Quantity) VALUES('9','0.04','H','I2','Round','5843333.3333','3')
INSERT INTO dbo.Diamonds (DiamondID,CaratWeight,Color,Clarity,Cut,Price,Quantity) VALUES('10','0.23','H','I2','Round','15093333.3333','5')
INSERT INTO dbo.Diamonds (DiamondID,CaratWeight,Color,Clarity,Cut,Price,Quantity) VALUES('11','0.25','H','SI','Round','6294533.3333','2')
INSERT INTO dbo.Diamonds (DiamondID,CaratWeight,Color,Clarity,Cut,Price,Quantity) VALUES('12','1.7','F','VS1','Emerald Cut','46904400','3')
INSERT INTO dbo.Diamonds (DiamondID,CaratWeight,Color,Clarity,Cut,Price,Quantity) VALUES('13','0.25','G','SI1','Round','14777533.3333','4')
INSERT INTO dbo.Diamonds (DiamondID,CaratWeight,Color,Clarity,Cut,Price,Quantity) VALUES('14','0.33','H','SI','Round','23440933.3333','6')
INSERT INTO dbo.Diamonds (DiamondID,CaratWeight,Color,Clarity,Cut,Price,Quantity) VALUES('15','0.5','H','SI','Round','33142200','15')
INSERT INTO dbo.Diamonds (DiamondID,CaratWeight,Color,Clarity,Cut,Price,Quantity) VALUES('16','1','F','VS1','Cushion','25381200','2')
INSERT INTO dbo.Diamonds (DiamondID,CaratWeight,Color,Clarity,Cut,Price,Quantity) VALUES('17','1','G','VS','Cushion','41625133.3333','1')
INSERT INTO dbo.Diamonds (DiamondID,CaratWeight,Color,Clarity,Cut,Price,Quantity) VALUES('18','0.55','H','SI','Cushion','24794600','6')
INSERT INTO dbo.Diamonds (DiamondID,CaratWeight,Color,Clarity,Cut,Price,Quantity) VALUES('19','1','F','VS1','Round','20282400','4')
INSERT INTO dbo.Diamonds (DiamondID,CaratWeight,Color,Clarity,Cut,Price,Quantity) VALUES('20','0.25','H','I2','Round','5527466.6667','4')
INSERT INTO dbo.Diamonds (DiamondID,CaratWeight,Color,Clarity,Cut,Price,Quantity) VALUES('21','0.08','H','I2','Round','3045800','9')
INSERT INTO dbo.Diamonds (DiamondID,CaratWeight,Color,Clarity,Cut,Price,Quantity) VALUES('22','1.09','H','SI','Round','15770200','2')
INSERT INTO dbo.Diamonds (DiamondID,CaratWeight,Color,Clarity,Cut,Price,Quantity) VALUES('23','2.05','H','I2','Oval','30119000','3')
INSERT INTO dbo.Diamonds (DiamondID,CaratWeight,Color,Clarity,Cut,Price,Quantity) VALUES('24','0.12','H','I2','Round','9001866.6667','2')
INSERT INTO dbo.Diamonds (DiamondID,CaratWeight,Color,Clarity,Cut,Price,Quantity) VALUES('25','5','H','SI','Round','168959600','7')
INSERT INTO dbo.Diamonds (DiamondID,CaratWeight,Color,Clarity,Cut,Price,Quantity) VALUES('26','1','H','SI','Round','9453133.3333','20')
INSERT INTO dbo.Diamonds (DiamondID,CaratWeight,Color,Clarity,Cut,Price,Quantity) VALUES('27','3','H','I2','Round','61794666.6667','6')
INSERT INTO dbo.Diamonds (DiamondID,CaratWeight,Color,Clarity,Cut,Price,Quantity) VALUES('28','4','H','I2','Round','90131333.3333','6')
INSERT INTO dbo.Diamonds (DiamondID,CaratWeight,Color,Clarity,Cut,Price,Quantity) VALUES('29','0.5','H','I2','Round','24478733.3333','1')
INSERT INTO dbo.Diamonds (DiamondID,CaratWeight,Color,Clarity,Cut,Price,Quantity) VALUES('30','0.02','H','I2','Round','3812866.6667','7')
INSERT INTO dbo.Diamonds (DiamondID,CaratWeight,Color,Clarity,Cut,Price,Quantity) VALUES('31','0.08','H','SI','Round','3948200','2')
INSERT INTO dbo.Diamonds (DiamondID,CaratWeight,Color,Clarity,Cut,Price,Quantity) VALUES('32','0.2','H','SI','Round','13514066.6667','8')
INSERT INTO dbo.Diamonds (DiamondID,CaratWeight,Color,Clarity,Cut,Price,Quantity) VALUES('33','1','H','I2','Round','51867866.6667','13')
INSERT INTO dbo.Diamonds (DiamondID,CaratWeight,Color,Clarity,Cut,Price,Quantity) VALUES('34','7.01','H','SI','Round','103758200','3')
INSERT INTO dbo.Diamonds (DiamondID,CaratWeight,Color,Clarity,Cut,Price,Quantity) VALUES('35','2.25','H','SI','Round','118332666.6667','8')
INSERT INTO dbo.Diamonds (DiamondID,CaratWeight,Color,Clarity,Cut,Price,Quantity) VALUES('36','6','F','VS','Round','63148333.3333','2')
INSERT INTO dbo.Diamonds (DiamondID,CaratWeight,Color,Clarity,Cut,Price,Quantity) VALUES('37','0.7','H','I2','Oval','3948200','4')
INSERT INTO dbo.Diamonds (DiamondID,CaratWeight,Color,Clarity,Cut,Price,Quantity) VALUES('38','0.16','H','SI','Octagon','5527466.6667','4')
INSERT INTO dbo.Diamonds (DiamondID,CaratWeight,Color,Clarity,Cut,Price,Quantity) VALUES('39','0.1','H','SI','Round','2684800','14')
INSERT INTO dbo.Diamonds (DiamondID,CaratWeight,Color,Clarity,Cut,Price,Quantity) VALUES('40','1.5','H','SI','Round','19831200','2')
INSERT INTO dbo.Diamonds (DiamondID,CaratWeight,Color,Clarity,Cut,Price,Quantity) VALUES('41','0.2','H','SI','Round','18381866.6666667','2')
INSERT INTO dbo.Diamonds (DiamondID,CaratWeight,Color,Clarity,Cut,Price,Quantity) VALUES('42','0.28','H','SI','Princess','22531866.6666667','6')
INSERT INTO dbo.Diamonds (DiamondID,CaratWeight,Color,Clarity,Cut,Price,Quantity) VALUES('43','0.28','G','VS','Princess','24787333.3333333','8')
INSERT INTO dbo.Diamonds (DiamondID,CaratWeight,Color,Clarity,Cut,Price,Quantity) VALUES('44','9.35','H','I2','Emerald Cut','7871533.33333333','4')
INSERT INTO dbo.Diamonds (DiamondID,CaratWeight,Color,Clarity,Cut,Price,Quantity) VALUES('45','0.24','H','I2','Oval','20276466.6666667','4')
INSERT INTO dbo.Diamonds (DiamondID,CaratWeight,Color,Clarity,Cut,Price,Quantity) VALUES('46','0.01','H','I2','Emerald Cut','8999266.66666667','3')
INSERT INTO dbo.Diamonds (DiamondID,CaratWeight,Color,Clarity,Cut,Price,Quantity) VALUES('47','0.6','H','SI','Pear','18021000','6')
INSERT INTO dbo.Diamonds (DiamondID,CaratWeight,Color,Clarity,Cut,Price,Quantity) VALUES('48','0.15','H','SI','Oval','9224800','2')
INSERT INTO dbo.Diamonds (DiamondID,CaratWeight,Color,Clarity,Cut,Price,Quantity) VALUES('49','0.15','H','I2','Round','4398133.33333333','4')
INSERT INTO dbo.Diamonds (DiamondID,CaratWeight,Color,Clarity,Cut,Price,Quantity) VALUES('50','3','G','VS','Round','150776266.666667','3')
INSERT INTO dbo.Diamonds (DiamondID,CaratWeight,Color,Clarity,Cut,Price,Quantity) VALUES('51','1.1','F','VS1','Round','28080266.6666667','4')
INSERT INTO dbo.Diamonds (DiamondID,CaratWeight,Color,Clarity,Cut,Price,Quantity) VALUES('52','1.1','G','VS','Round','52078133.3333333','6')
INSERT INTO dbo.Diamonds (DiamondID,CaratWeight,Color,Clarity,Cut,Price,Quantity) VALUES('53','0.25','G','SI','Round','20862866.6666667','1')
INSERT INTO dbo.Diamonds (DiamondID,CaratWeight,Color,Clarity,Cut,Price,Quantity) VALUES('54','0.11','H','I2','Round','11164466.6666667','3')
INSERT INTO dbo.Diamonds (DiamondID,CaratWeight,Color,Clarity,Cut,Price,Quantity) VALUES('55','0.06','H','I2','Round','9675866.66666667','5')
INSERT INTO dbo.Diamonds (DiamondID,CaratWeight,Color,Clarity,Cut,Price,Quantity) VALUES('56','0.63','H','SI','Round','46214000','5')
INSERT INTO dbo.Diamonds (DiamondID,CaratWeight,Color,Clarity,Cut,Price,Quantity) VALUES('57','0.82','G','SI2','Round','54694466.6666667','3')
INSERT INTO dbo.Diamonds (DiamondID,CaratWeight,Color,Clarity,Cut,Price,Quantity) VALUES('58','1.2','H','SI','Round','66513000','13')
INSERT INTO dbo.Diamonds (DiamondID,CaratWeight,Color,Clarity,Cut,Price,Quantity) VALUES('59','0.02','H','I2','Oval','3044866.66666667','6')
INSERT INTO dbo.Diamonds (DiamondID,CaratWeight,Color,Clarity,Cut,Price,Quantity) VALUES('60','0.16','H','I2','Round','13059066.6666667','7')
INSERT INTO dbo.Diamonds (DiamondID,CaratWeight,Color,Clarity,Cut,Price,Quantity) VALUES('61','2','H','SI','Round','88616333.3333333','4')
INSERT INTO dbo.Diamonds (DiamondID,CaratWeight,Color,Clarity,Cut,Price,Quantity) VALUES('62','0.03','H','I2','Pear','5390533.33333333','4')
INSERT INTO dbo.Diamonds (DiamondID,CaratWeight,Color,Clarity,Cut,Price,Quantity) VALUES('63','0.33','H','I2','Round','7194866.66666667','7')
INSERT INTO dbo.Diamonds (DiamondID,CaratWeight,Color,Clarity,Cut,Price,Quantity) VALUES('64','0.07','H','I2','Oval','6743800','9')
INSERT INTO dbo.Diamonds (DiamondID,CaratWeight,Color,Clarity,Cut,Price,Quantity) VALUES('65','3','H','SI','Round','30425933.3333333','4')
INSERT INTO dbo.Diamonds (DiamondID,CaratWeight,Color,Clarity,Cut,Price,Quantity) VALUES('66','4','F','VS','Round','42064000','3')
INSERT INTO dbo.Diamonds (DiamondID,CaratWeight,Color,Clarity,Cut,Price,Quantity) VALUES('67','2','H','SI','Baguette','121545733.333333','6')
INSERT INTO dbo.Diamonds (DiamondID,CaratWeight,Color,Clarity,Cut,Price,Quantity) VALUES('68','0.19','H','I2','Round','6743800','3')
INSERT INTO dbo.Diamonds (DiamondID,CaratWeight,Color,Clarity,Cut,Price,Quantity) VALUES('69','0.17','H','I2','Round','21404200','7')
INSERT INTO dbo.Diamonds (DiamondID,CaratWeight,Color,Clarity,Cut,Price,Quantity) VALUES('70','1','H','SI','Round','19148733.3333333','17')
INSERT INTO dbo.Diamonds (DiamondID,CaratWeight,Color,Clarity,Cut,Price,Quantity) VALUES('71','0.08','H','SI','Pear','3721533.33333333','0')
INSERT INTO dbo.Diamonds (DiamondID,CaratWeight,Color,Clarity,Cut,Price,Quantity) VALUES('72','11.15','H','SI','Round','339872400','5')
INSERT INTO dbo.Diamonds (DiamondID,CaratWeight,Color,Clarity,Cut,Price,Quantity) VALUES('73','12.6','H','SI','Round','358141466.666667','8')
INSERT INTO dbo.Diamonds (DiamondID,CaratWeight,Color,Clarity,Cut,Price,Quantity) VALUES('74','5','F','VS','Round','66422800','1')
INSERT INTO dbo.Diamonds (DiamondID,CaratWeight,Color,Clarity,Cut,Price,Quantity) VALUES('75','0.02','H','I2','Marquise','5074800','7')
INSERT INTO dbo.Diamonds (DiamondID,CaratWeight,Color,Clarity,Cut,Price,Quantity) VALUES('76','0.01','H','I2','Round','3947066.66666667','4')
GO

INSERT INTO dbo.Products (ProductID ,CategoryID,ProductName,ProductSize,ProductPrice,DiamondID,ShellID,AccountID,MaterialID,Quantity,Description,ImageLink) VALUES ('P0001','2','Anastasia Lab Diamond Halo Engagement Ring 18K White Gold 1.30ct F/VS1','17.12','42945000','1','1','AD001','1','3','To create breathtaking brilliance, this exquisite engagement ring brings together a stunning lab grown solitaire and a double halo of diamonds. Drawing the eye to the solitaire is a split shank band, which provides more surface area for dazzling accent diamonds. The handcrafted 18K white gold setting looks and feels luxurious on the hand.','https://thediamondstore.imgix.net/productimages/LBSR57-D50w-2.jpg')
INSERT INTO dbo.Products (ProductID ,CategoryID,ProductName,ProductSize,ProductPrice,DiamondID,ShellID,AccountID,MaterialID,Quantity,Description,ImageLink) VALUES ('P0003','2','Anastasia Lab Diamond Halo Engagement Ring 18K White Gold 1.30ct F/VS1','18.54','42945000','1','1','AD001','1','4','To create breathtaking brilliance, this exquisite engagement ring brings together a stunning lab grown solitaire and a double halo of diamonds. Drawing the eye to the solitaire is a split shank band, which provides more surface area for dazzling accent diamonds. The handcrafted 18K white gold setting looks and feels luxurious on the hand.','https://thediamondstore.imgix.net/productimages/LBSR57-D50w-2.jpg')
INSERT INTO dbo.Products (ProductID ,CategoryID,ProductName,ProductSize,ProductPrice,DiamondID,ShellID,AccountID,MaterialID,Quantity,Description,ImageLink) VALUES ('P0002','1','Anastasia Blue Lab Diamond 1.30ct Halo Ring In Platinum - Elara Collection','16.91','70356600','2','1','AD001','2','2','This exquisite Anastasia ring is part of our new Elara Collection that showcases the breathtaking beauty of sustainable coloured lab diamonds. The magnificent blue lab diamond solitaire looks elegant in a platinum setting, catching the eye with its unrivalled brilliance. An unforgettable, ethical gift your loved one will cherish forever.','https://thediamondstore.imgix.net/productimages/LBSR57-BD50w-2.jpg')
INSERT INTO dbo.Products (ProductID ,CategoryID,ProductName,ProductSize,ProductPrice,DiamondID,ShellID,AccountID,MaterialID,Quantity,Description,ImageLink) VALUES ('P0004','1','Aurora Yellow Lab Diamond Emerald Cut And Trillion 1.70ct Ring In 18K White Gold - Elara Collection','15.29','143995800','3','2','AD001','1','2','This exquisite Aurora ring is part of our new Elara Collection that showcases the breathtaking beauty of sustainable coloured lab diamonds. The magnificent yellow lab diamond solitaire looks elegant in a white gold setting, catching the eye with its unrivalled brilliance. An unforgettable, ethical gift your loved one will cherish forever.','https://thediamondstore.imgix.net/productimages/LBSR65-YD100w-2.jpg')
INSERT INTO dbo.Products (ProductID ,CategoryID,ProductName,ProductSize,ProductPrice,DiamondID,ShellID,AccountID,MaterialID,Quantity,Description,ImageLink) VALUES ('P0005','1','Lab Diamond Art Deco 9K White Gold Ring 1.25CT H/Si - N4544Y','15.08','67739533.3333','4','2','AD001','1','5','This exceptional vintage inspired diamond ring is a sumptuous accessory, designed to make your hand look elegant. Showcasing an enthralling diamond design made with the finest lab grown diamonds, it is set in polished 18K gold for a substantial feel.','https://thediamondstore.imgix.net/productimages/L2322s.jpg')
INSERT INTO dbo.Products (ProductID ,CategoryID,ProductName,ProductSize,ProductPrice,DiamondID,ShellID,AccountID,MaterialID,Quantity,Description,ImageLink) VALUES ('P0006','1','Astra 1.90ct Lab Sapphire Halo Shoulder Set Octagon Cut Ring In Silver','20.16','8426600','5','3','AD001','3','3','This exceptional vintage inspired diamond ring is a sumptuous accessory, designed to make your hand look elegant. Showcasing an enthralling diamond design made with the finest lab grown diamonds, it is set in polished 18K gold for a substantial feel.','https://thediamondstore.imgix.net/productimages/NIE7226-UU-h.jpg')
INSERT INTO dbo.Products (ProductID ,CategoryID,ProductName,ProductSize,ProductPrice,DiamondID,ShellID,AccountID,MaterialID,Quantity,Description,ImageLink) VALUES ('P0007','1','Astra 1.90ct Lab Sapphire Halo Shoulder Set Octagon Cut Ring In Silver','18.95','8426600','5','3','AD001','3','2','This exceptional vintage inspired diamond ring is a sumptuous accessory, designed to make your hand look elegant. Showcasing an enthralling diamond design made with the finest lab grown diamonds, it is set in polished 18K gold for a substantial feel.','https://thediamondstore.imgix.net/productimages/NIE7226-UU-h.jpg')
INSERT INTO dbo.Products (ProductID ,CategoryID,ProductName,ProductSize,ProductPrice,DiamondID,ShellID,AccountID,MaterialID,Quantity,Description,ImageLink) VALUES ('P0008','1','Naomi Lab Diamond Engagement Ring 0.15ct H/Si In 9K Gold','15.9','16186933.3334','6','3','AD001','4','1','Discover our Naomi lab diamond engagement ring, boasting a 0.15ct H/Si quality diamond, set in the finest recycled 9K yellow gold. The Naomi features a simple solitaire diamond, perfect for those who love a traditional, timeless engagement ring design. This classic style comes with a twist – the band tapers as it reaches the central stone, making the Naomi ring look delicate on the hand, whilst also enhancing the magnitude of the diamond. The Naomi is the perfect engagement ring for those who want a modern take on a well-loved style.','https://thediamondstore.imgix.net/productimages/C4011Y-h.jpg')
INSERT INTO dbo.Products (ProductID ,CategoryID,ProductName,ProductSize,ProductPrice,DiamondID,ShellID,AccountID,MaterialID,Quantity,Description,ImageLink) VALUES ('P0051','1','Charlotte 2.6MM Wedding Band 0.15ct H/Si Diamonds Platinum','15.49','23922200','6','22','AD001','2','5','If you seek a luxurious wedding band that looks and feels exclusive, this Charlotte diamond wedding ring is simply perfect. Handcrafted with 0.15CT of round brilliant cut diamonds in a mixed claw and channel setting made of platinum, it embodies timeless elegance. Also available with one of our matching Charlotte engagement rings.','https://thediamondstore.imgix.net/productimages/SR35WB.jpg')
INSERT INTO dbo.Products (ProductID ,CategoryID,ProductName,ProductSize,ProductPrice,DiamondID,ShellID,AccountID,MaterialID,Quantity,Description,ImageLink) VALUES ('P0009','1','Lab Diamond Wishbone Ring 0.45ct In 9K Yellow Gold','14.88','15059500','7','4','AD001','5','3','This exceptionally beautiful wishbone ring is all about classic simplicity, without foregoing any of the glamour. The diamonds are claw set to display maximum sparkle. Made with fine yellow gold and 0.45CT of ethical premium diamonds, it''s a gift that''s sure to give lifelong happiness and pleasure.','https://thediamondstore.imgix.net/productimages/C1688_02.jpg')
INSERT INTO dbo.Products (ProductID ,CategoryID,ProductName,ProductSize,ProductPrice,DiamondID,ShellID,AccountID,MaterialID,Quantity,Description,ImageLink) VALUES ('P0066','2','Black Diamond Sapphire Evil Eye Hamsa Stellato Ring In 9K White Gold','21.18','15621900','7','23','AD001','1','4','Keep the evil eye away with this brilliant blue sapphire and black diamond eye motif ring in 9K White Gold. The pave setting allows all of the stones to catch the light and sparkle. A trendsetting piece to add to your collection and cherish for life.','https://thediamondstore.imgix.net/productimages/C3788.jpg')
INSERT INTO dbo.Products (ProductID ,CategoryID,ProductName,ProductSize,ProductPrice,DiamondID,ShellID,AccountID,MaterialID,Quantity,Description,ImageLink) VALUES ('P0010','1',' Katerina Matching Wedding Band 0.50ct G/Si Diamond In Platinum','15.49','40440700','8','4','AD001','2','2','A stunning and luxurious take on a simple wedding band, this platinum diamond ring perfectly matches our beautiful Katerina engagement rings or any engagement ring in a similar style. With G/Si diamonds it creates elegant brilliance on your hand and serves as a timeless reminder of your wedding day.','https://thediamondstore.imgix.net/productimages/SR64-WBs.jpg')
INSERT INTO dbo.Products (ProductID ,CategoryID,ProductName,ProductSize,ProductPrice,DiamondID,ShellID,AccountID,MaterialID,Quantity,Description,ImageLink) VALUES ('P0011','1','Multi Gem Stone And Diamond 9K Gold Ring','16.91','8765000','9','5','AD001','4','3','This is a stunning gemstone ring with a unique, luxurious design. It features six precious gemstones in an array of sparkling pastel colours - emerald, blue topaz, diamond, pink sapphire, peridot and citrine. A stunning gift for someone you love or an indulgent treat to spoil yourself with, it looks simply sensational on the hand.','https://thediamondstore.imgix.net/productimages/10433.jpg')
INSERT INTO dbo.Products (ProductID ,CategoryID,ProductName,ProductSize,ProductPrice,DiamondID,ShellID,AccountID,MaterialID,Quantity,Description,ImageLink) VALUES ('P0012','1','Diamond 0.23ct 9K Yellow Gold Mens Ring','17.73','22640000','10','6','AD001','4','5','This is a stunning gemstone ring with a unique, luxurious design. It features six precious gemstones in an array of sparkling pastel colours - emerald, blue topaz, diamond, pink sapphire, peridot and citrine. A stunning gift for someone you love or an indulgent treat to spoil yourself with, it looks simply sensational on the hand.','https://thediamondstore.imgix.net/productimages/D1086.jpg')
INSERT INTO dbo.Products (ProductID ,CategoryID,ProductName,ProductSize,ProductPrice,DiamondID,ShellID,AccountID,MaterialID,Quantity,Description,ImageLink) VALUES ('P0013','2','Black Diamond And Lab Diamond Engagement Ring 0.25ct In 9K White Gold','20.98','9441800','11','7','AD001','1','2','This sparkling black diamond engagement ring is the perfect, unique ring to impress someone who is hard to shop for. The polished white gold setting and band give this piece a high quality look and feel that will definitely get a ''Yes''.','https://thediamondstore.imgix.net/productimages/LBC4005WLB.jpg')
INSERT INTO dbo.Products (ProductID ,CategoryID,ProductName,ProductSize,ProductPrice,DiamondID,ShellID,AccountID,MaterialID,Quantity,Description,ImageLink) VALUES ('P0014','2','Erika Lab Diamond 1.70ct Emerald Cut Ring In 18K White Gold F/VS1','20.78','50051666.6667','12','7','AD001','1','3','A stunning certified Erika Engagement Ring in 18K White Gold. Claw setting. 1.70CT of F/VS1 quality diamonds. Free UK delivery and a 5 year guarantee.1.00ct IGI Certified Centre Stone - Excellent Cut-Polish-Symmetry. * The ethical choice and amazing value for money. Lab created diamonds are real diamonds just like mined diamonds.','https://thediamondstore.imgix.net/productimages/LBSR66-D100w-1.jpg')
INSERT INTO dbo.Products (ProductID ,CategoryID,ProductName,ProductSize,ProductPrice,DiamondID,ShellID,AccountID,MaterialID,Quantity,Description,ImageLink) VALUES ('P0015','2','Lily Certified Lab Diamond Engagement Ring 0.25CT G/SI1 Platinum','14.48','22166300','13','7','AD001','2','4','Indulge her with this mesmerizing fusion of art and science. Inspired by nature and expertly forged in a precisely controlled environment, the stunning lab grown centre stone has physical and chemical properties identical to those of natural diamonds. A sustainable choice that also offers significant savings, this superb diamond engagement ring is an exquisite symbol of your everlasting love.','https://thediamondstore.imgix.net/productimages/UT24-025W1.jpg')
INSERT INTO dbo.Products (ProductID ,CategoryID,ProductName,ProductSize,ProductPrice,DiamondID,ShellID,AccountID,MaterialID,Quantity,Description,ImageLink) VALUES ('P0016','2','Emily 18K Gold 3 Stone Diamond Ring 0.33CT H/SI','14.07','35161400','14','8','AD001','4','2','This 18K yellow gold ring has been meticulously designed to show off the beauty of the 0.33CT of H/SI Quality Diamonds to their full potential. The three white diamonds are nestled in claw settings and this stunning ring is finished off with a band of 18K yellow gold.','https://thediamondstore.imgix.net/productimages/DR02-33yf.jpg')
INSERT INTO dbo.Products (ProductID ,CategoryID,ProductName,ProductSize,ProductPrice,DiamondID,ShellID,AccountID,MaterialID,Quantity,Description,ImageLink) VALUES ('P0093','5','Wanderlust Floating Lab Diamond Solitaire Necklace 0.33ct H/SI In 18K Gold Vermeil','406.4','26248966.6666','14','7','AD001','4','4','Discover our Wanderlust Floating Round Diamond Solitaire Pendant Necklace, featuring a 0.33ct lab-grown diamond, suspended from a fine yellow gold vermeil chain. This necklace is a modern taken on a classic pendant necklace, with the suspension hidden behind the diamond, giving the stone the illusion of ‘floating’ on the neckline. The round diamond delicately sits on the collar, creating beautiful sparkle with every movement. Due to this necklace’s simplicity, it’s perfect for daily wear, but can equally be saved to complement special occasion outfits. The ideal gift for birthdays, weddings and occasions, this floating solitaire necklace will be loved for years to come.','https://thediamondstore.imgix.net/productimages/JBK-ANDD3552-55JUU-d1.jpg')
INSERT INTO dbo.Products (ProductID ,CategoryID,ProductName,ProductSize,ProductPrice,DiamondID,ShellID,AccountID,MaterialID,Quantity,Description,ImageLink) VALUES ('P0017','2','Ariella Platinum 3 Stone Diamond Ring 0.50CT H/SI','14.27','49713300','15','8','AD001','2','3','A special Ariella 3 Stone Diamond Ring in Platinum. Claw setting. 0.50CT of H/SI quality diamonds. Free UK delivery and a 5 year guarantee.','https://thediamondstore.imgix.net/productimages/12541.jpg')
INSERT INTO dbo.Products (ProductID ,CategoryID,ProductName,ProductSize,ProductPrice,DiamondID,ShellID,AccountID,MaterialID,Quantity,Description,ImageLink) VALUES ('P0021','3','Lab Diamond Stud Earrings 0.50ct H/Si Quality In 9K White Gold - 4.2mm','4.2','37598033.3333','15','11','AD001','1','2','Discover our Lab Diamond Stud Earrings, with 0.50ct of H/Si Quality lab grown diamonds, set in the finest 9k recycled white gold. Everyone needs a pair of plain diamond studs in their jewellery wardrobe - they go with any outfit, and can be worn every day. A truly timeless jewellery piece, and a classic for a reason. The solitaire diamonds sit in a minimal claw setting, allowing all the focus to be on the stones. The lab grown diamonds make these stud earrings an ethical choice, as well as excellent value. Gift yourself or a loved one these beautiful diamond stud earrings, perfect for any occasion.','https://thediamondstore.imgix.net/productimages/21-LBF3011Ws.jpg')
INSERT INTO dbo.Products (ProductID ,CategoryID,ProductName,ProductSize,ProductPrice,DiamondID,ShellID,AccountID,MaterialID,Quantity,Description,ImageLink) VALUES ('P0023','3','Diamond Earrings 0.50CT Studs H/SI Quality In Platinum - 4.1mm','4.1','43283400','15','11','AD001','2','2','A wonderful certified pair of Diamond Stud Earrings in Platinum. Claw setting. 0.50CT of G-H/SI quality diamonds. Free UK delivery and a 5 year guarantee.','https://thediamondstore.imgix.net/productimages/CHLOE50W1.jpg')
INSERT INTO dbo.Products (ProductID ,CategoryID,ProductName,ProductSize,ProductPrice,DiamondID,ShellID,AccountID,MaterialID,Quantity,Description,ImageLink) VALUES ('P0077','3','Ear Climber Life Journey 0.50ct Lab Diamond Earrings 9K White Gold','17','41027300','15','13','AD001','1','3','These stunning ''journey of life'' ear climbers showcase 7 sparkling, sustainable lab grown diamonds. The design features a line of diamonds that increase in size, symbolising how love grows forever. An elegant and luxurious gift, perfect for any occasion.','https://thediamondstore.imgix.net/productimages/LBF3014W.jpg')
INSERT INTO dbo.Products (ProductID ,CategoryID,ProductName,ProductSize,ProductPrice,DiamondID,ShellID,AccountID,MaterialID,Quantity,Description,ImageLink) VALUES ('P0084','4','0.50ct Lab Diamond Eternity Bangle H/Si Quality Set In 925 Sterling Silver','62','37416266.6667','15','17','AD001','3','5','An exceptional Diamond Bangle in Silver. Claw setting. 0.50CT of H/SI quality. Free UK delivery and a 5 year guarantee.','https://thediamondstore.imgix.net/productimages/LBJ1003S_F.jpg')
INSERT INTO dbo.Products (ProductID ,CategoryID,ProductName,ProductSize,ProductPrice,DiamondID,ShellID,AccountID,MaterialID,Quantity,Description,ImageLink) VALUES ('P0018','2','Beatrice Lab Diamond Halo Engagement Ring 18K White Gold 1ct F/VS1','21.59','38071800','16','9','AD001','1','2','This exquisite ring showcases an exquisitely shimmering lab grown, cushion cut solitaire, encircled by a dazzling halo and diamond-studded shoulders for even more sparkle. The G/VS1 quality solitaire is certified by IGI, one of the most trusted independent diamond grading authorities in the world. With a luxurious design in 18K white gold, this is a ring that will win her heart.','https://thediamondstore.imgix.net/productimages/LBSR63-D50w-2.jpg')
INSERT INTO dbo.Products (ProductID ,CategoryID,ProductName,ProductSize,ProductPrice,DiamondID,ShellID,AccountID,MaterialID,Quantity,Description,ImageLink) VALUES ('P0019','2','Beatrice Blue Lab Diamond 1.00ct Cushion Halo Ring In 18K Yellow Gold- Elara Collection','18.95','62437700','17','9','AD001','5','1','This exquisite Beatrice ring is part of our new Elara Collection that showcases the breathtaking beauty of sustainable coloured lab diamonds. The magnificent blue lab diamond solitaire looks elegant in a yellow gold setting, catching the eye with its unrivalled brilliance. An unforgettable, ethical gift your loved one will cherish forever.','https://thediamondstore.imgix.net/productimages/LBSR63-BD50y-2.jpg')
INSERT INTO dbo.Products (ProductID ,CategoryID,ProductName,ProductSize,ProductPrice,DiamondID,ShellID,AccountID,MaterialID,Quantity,Description,ImageLink) VALUES ('P0020','2','Alicia Yellow Diamond Halo Engagement Ring 0.55ct In 18K White Gold','19.35','37191900','18','10','AD001','1','6','A spectacular vintage style yellow diamond halo ring with diamond shoulders. This handcrafted engagement ring features an exquisite cushion cut yellow diamond with exceptionally luxurious colour and sparkle. Hand set in beautiful 18K white gold, this is a ring she is sure to say ''yes'' to','https://thediamondstore.imgix.net/productimages/SR41.jpg')
INSERT INTO dbo.Products (ProductID ,CategoryID,ProductName,ProductSize,ProductPrice,DiamondID,ShellID,AccountID,MaterialID,Quantity,Description,ImageLink) VALUES ('P0022','3','Lab Diamond Stud Earrings 1.00CT F/VS1 Quality Set In Platinum - 5.1mm','5.1','30423600','19','11','AD001','2','4','An elegant certified pair of Diamond Stud Earrings in Platinum. Claw setting. 1.00CT of F/VS1 quality diamonds. Free UK delivery and a 5 year guarantee.With twist-on fitting for greater comfort and security. * Lab grown from a diamond seed - a fusion of art and technology. Extra value with up to a 50% larger diamond for your spend.','https://thediamondstore.imgix.net/productimages/NDFG23-322XU3S-d1.jpg')
INSERT INTO dbo.Products (ProductID ,CategoryID,ProductName,ProductSize,ProductPrice,DiamondID,ShellID,AccountID,MaterialID,Quantity,Description,ImageLink) VALUES ('P0024','3','0.25ct Lab Diamond Hoop Earrings 35mm Set In 925 Silver','35','8291200','20','12','AD001','3','4','Nothing highlights your features better than hoop earrings. With understated glamour, this stylish pair takes you effortlessly from day to evening. Set with 0.25CT of sustainable lab grown diamonds in sterling silver, this is one of our most popular gift items, perfect for any special occasion.','https://thediamondstore.imgix.net/productimages/SE1015s.jpg')
INSERT INTO dbo.Products (ProductID ,CategoryID,ProductName,ProductSize,ProductPrice,DiamondID,ShellID,AccountID,MaterialID,Quantity,Description,ImageLink) VALUES ('P0025','3','Diamond Hoop Earrings 35mm In Sterling Silver - Ug3237','35','5809533.3333','21','12','AD001','3','6','Nothing highlights your features better than hoop earrings. With understated glamour, this stylish pair takes you effortlessly from day to evening. Set with dainty diamonds in sterling silver, at exceptional value, this is one of our most popular gift items. All our diamonds are conflict-free, of course, to ensure luxury that''s as ethical as it is beautiful.','https://thediamondstore.imgix.net/productimages/SE1015s.jpg')
INSERT INTO dbo.Products (ProductID ,CategoryID,ProductName,ProductSize,ProductPrice,DiamondID,ShellID,AccountID,MaterialID,Quantity,Description,ImageLink) VALUES ('P0029','3','Blue Topaz Sapphire And Diamond Stellato Earrings In 9K White Gold','6','10592466.6667','21','14','AD001','1','3','A truly breathtaking and unique pair of huggy earrings with a setting of round blue sapphires and baguette cut blue topaz. Accented with sparkling premium diamonds to make you feel extra luxurious. Suited to both special occasions and for adding glamour and colour to casual outfits','https://thediamondstore.imgix.net/productimages/F2413s.jpg')
INSERT INTO dbo.Products (ProductID ,CategoryID,ProductName,ProductSize,ProductPrice,DiamondID,ShellID,AccountID,MaterialID,Quantity,Description,ImageLink) VALUES ('P0026','3','Halo Lab Diamond Drop Earrings - Florence - 1.09ct - In 9K White Gold','22','23655300','22','13','AD001','1','2','Luxury meets elegance in these spectacular diamond halo drop earrings. Showcasing the finest lab grown diamonds, they are designed to sparkle beautifully each time they catch the light. Guaranteed to make you feel sensational, whatever the special occasion.','https://thediamondstore.imgix.net/productimages/N1253s.jpg')
INSERT INTO dbo.Products (ProductID ,CategoryID,ProductName,ProductSize,ProductPrice,DiamondID,ShellID,AccountID,MaterialID,Quantity,Description,ImageLink) VALUES ('P0027','3','Emerald 2.05ct And Diamond 18K Yellow Gold Alegria Earrings','25','45178500','23','13','AD001','5','3','With a chic design that creates stunning sparkle as you move, these earrings would make a wonderful gift for anyone who appreciates luxury. The vivid green emerald and sparkling diamonds look sumptuous in a beautiful gold setting. A perfect gift for a special someone.','https://thediamondstore.imgix.net/productimages/N1285s.jpg')
INSERT INTO dbo.Products (ProductID ,CategoryID,ProductName,ProductSize,ProductPrice,DiamondID,ShellID,AccountID,MaterialID,Quantity,Description,ImageLink) VALUES ('P0028','3','Stellato Diamond Encrusted Huggie Heart Charm Earrings 0.11ct In 9K Gold','30','13502800','24','14','AD001','4','2','These stunning earrings add a touch of luxury and style to any look. Both the huggies and the heart charms are embellished with shimmering diamonds, making these a truly special and beautiful gift.','https://thediamondstore.imgix.net/productimages/19-F2463.jpg')
INSERT INTO dbo.Products (ProductID ,CategoryID,ProductName,ProductSize,ProductPrice,DiamondID,ShellID,AccountID,MaterialID,Quantity,Description,ImageLink) VALUES ('P0030','3','Diamond Pyrus Drop Chandelier Earrings 5ct In 18K White Gold P3402','57','253439400','25','15','AD001','1','1','Discover our Diamond Pyrus Drop Earrings, boasting an incredible 5ct of H/Si diamonds, set in 18k white gold. These special occasion earrings steal the show when paired with an evening outfit, hanging delicately from the ears and drawing attention to the frame of the face and neckline. The pear-shaped diamond motifs within the design give the earrings a distinctly Art Deco feel, while the bright white diamonds set against the finest cool toned white gold retain a modern look. These earrings are the perfect gift for the luxury lover in your life, or make an excellent statement addition to your jewellery collection.','https://thediamondstore.imgix.net/productimages/N1280.jpg')
INSERT INTO dbo.Products (ProductID ,CategoryID,ProductName,ProductSize,ProductPrice,DiamondID,ShellID,AccountID,MaterialID,Quantity,Description,ImageLink) VALUES ('P0050','4','Diamond Bracelet Pyrus Halo 5CT In 18K Rose Gold - J3358','177.8','279384566.6667','25','1','AD001','6','3','This stunning rose gold and diamond bracelet is an exceptionally luxurious piece of jewellery. Handcrafted with 5.00CT H/SI quality diamonds in a tear drop halo pattern that sparkles against the gorgeous 18K rose gold, it would make a remarkable bridal piece or a special gift for a big occasion.','https://thediamondstore.imgix.net/productimages/H1136.jpg')
INSERT INTO dbo.Products (ProductID ,CategoryID,ProductName,ProductSize,ProductPrice,DiamondID,ShellID,AccountID,MaterialID,Quantity,Description,ImageLink) VALUES ('P0088','4','Diamond Bracelet Pyrus Halo 5CT In 18K Rose Gold - J3358','177.8','279352166.6667','25','19','AD001','6','3','This stunning rose gold and diamond bracelet is an exceptionally luxurious piece of jewellery. Handcrafted with 5.00CT H/SI quality diamonds in a tear drop halo pattern that sparkles against the gorgeous 18K rose gold, it would make a remarkable bridal piece or a special gift for a big occasion.','https://thediamondstore.imgix.net/productimages/H1136.jpg')
INSERT INTO dbo.Products (ProductID ,CategoryID,ProductName,ProductSize,ProductPrice,DiamondID,ShellID,AccountID,MaterialID,Quantity,Description,ImageLink) VALUES ('P0031','4','1ct Lab Diamond Tennis Bracelet Rub Over Style In 925 Sterling Silver','185','14179700','26','16','AD001','3','3','Described by our customers as ''the perfect gift'', your loved one will adore this beautiful tennis bracelet. It exudes elegance, featuring 1CT of sparkling, sustainable lab grown diamonds encased in a sterling silver rub-over setting that looks and feels wonderful on the wrist.','https://thediamondstore.imgix.net/productimages/G1152.jpg')
INSERT INTO dbo.Products (ProductID ,CategoryID,ProductName,ProductSize,ProductPrice,DiamondID,ShellID,AccountID,MaterialID,Quantity,Description,ImageLink) VALUES ('P0034','4','1ct Lab Diamond Eternity Bangle H/Si Quality Set In 9K Gold','62','22933366.6666','26','17','AD001','4','3','Luxurious and timeless, this beautiful bangle features sustainable lab grown diamonds that sparkle with exquisite brilliance against a rich yellow gold setting. With a highly polished finish that feels amazing to wear, it''s a stunning jewellery gift that will make your occasion extra special.','https://thediamondstore.imgix.net/productimages/LBJ1001.jpg')
INSERT INTO dbo.Products (ProductID ,CategoryID,ProductName,ProductSize,ProductPrice,DiamondID,ShellID,AccountID,MaterialID,Quantity,Description,ImageLink) VALUES ('P0041','5','Vivara Collection 1.00ct Diamond And 18K White Gold Necklace D3400','444.5','28122400','26','20','AD001','1','4','A magnificent Exclusive Necklace in 18K White Gold. Claw setting. 1.00CT of H/SI quality diamonds. Free UK delivery and a 5 year guarantee.','https://thediamondstore.imgix.net/productimages/B1288.jpg')
INSERT INTO dbo.Products (ProductID ,CategoryID,ProductName,ProductSize,ProductPrice,DiamondID,ShellID,AccountID,MaterialID,Quantity,Description,ImageLink) VALUES ('P0049','5','2.00ct Lab Diamond Heart Pendant Necklace H/SI Quality In 9K White Gold','406.4','24670566.6666','26','21','AD001','1','7','Discover our 2.00ct Lab Diamond Heart Pendant Necklace H/SI Quality in the finest recycled 9K white gold. A delicate pavé heart pendant hangs from a subtle silver chain on the neckline. Even the clasp holding the heart to the chain is covered in pavé diamonds, for extra sparkle with every movement. The 3D nature of this pendant makes it a real stand-out piece, perfect equally worn daily, or reserved for special occasions. The heart motif makes this an excellent gift for a loved one for any occasion; be it to celebrate a birthday, an anniversary, or an important milestone in their life.','https://thediamondstore.imgix.net/productimages/NDG5264Y-h.jpg')
INSERT INTO dbo.Products (ProductID ,CategoryID,ProductName,ProductSize,ProductPrice,DiamondID,ShellID,AccountID,MaterialID,Quantity,Description,ImageLink) VALUES ('P0072','3','1.00ct Tanzanite (AA) Stud Earrings In 925 Silver','5','10456833.3333','26','11','AD001','3','3','Tanzanites are rarer than diamonds and they have a colour that''s unlike any other gemstone. This makes them a beautiful and rare item to own. With an exquisite blue-violet shimmer, set in fine sterling silver, these earrings make a perfect, luxurious gift for someone special.','https://thediamondstore.imgix.net/productimages/SE1012s.jpg')
INSERT INTO dbo.Products (ProductID ,CategoryID,ProductName,ProductSize,ProductPrice,DiamondID,ShellID,AccountID,MaterialID,Quantity,Description,ImageLink) VALUES ('P0032','4','Diamond Tennis Bracelet Rubover Style 3.00ct 9K Yellow Gold','185','92692000','27','16','AD001','5','6','Described by customers as being ''the perfect gift'', your loved one will be smitten with this breathtaking tennis bracelet. This Emily bracelet exudes elegance as it features 3.00CT of Premium Quality Diamonds encased in rub over settings made from glistening 9K yellow gold.','https://thediamondstore.imgix.net/productimages/11838.jpg')
INSERT INTO dbo.Products (ProductID ,CategoryID,ProductName,ProductSize,ProductPrice,DiamondID,ShellID,AccountID,MaterialID,Quantity,Description,ImageLink) VALUES ('P0033','4','Diamond Tennis Bracelet Rubover Style 4.00ct 9K Yellow Gold','185','121028666.6666','28','16','AD001','5','6','Described by customers as being ''the perfect gift'', your loved one will be smitten with this breathtaking tennis bracelet. This Emily bracelet exudes elegance as it features 4.00CT of Premium Quality Diamonds encased in rub over settings made from glistening 9K yellow gold.','https://thediamondstore.imgix.net/productimages/11838.jpg')
INSERT INTO dbo.Products (ProductID ,CategoryID,ProductName,ProductSize,ProductPrice,DiamondID,ShellID,AccountID,MaterialID,Quantity,Description,ImageLink) VALUES ('P0035','4','Diamond Bangle 0.50ct 9K White Gold','60','36718100','29','17','AD001','1','1','An eye-catching Diamond Bangle in 9K White Gold. Claw setting. 0.50CT of Premium Quality diamonds. Free UK delivery and a 5 year guarantee.','https://thediamondstore.imgix.net/productimages/11530.jpg')
INSERT INTO dbo.Products (ProductID ,CategoryID,ProductName,ProductSize,ProductPrice,DiamondID,ShellID,AccountID,MaterialID,Quantity,Description,ImageLink) VALUES ('P0036','4','Diamond 18K Gold Vermeil Heart Bracelet','184.2','5719300','30','18','AD001','4','7','Discover our elegant Diamond Heart Bracelet, featuring 0.02ct diamonds set in the finest gold vermeil. The pavé diamond hearts wrap around the wrist, giving the illusion of never-ending stones, and sparkling with every movement. The bright white stones stand out against the warm tones of the gold vermeil, emphasising their beauty and radiance. A secure clasp holds the piece together, and features a hanging pavé heart, for an extra, sparkling detail. The heart motif makes this a meaningful gift for a loved one, perfect to celebrate an occasion or mark a milestone. *Video features the Diamond Silver Heart Bracelet.','https://thediamondstore.imgix.net/productimages/JBK-AUD3256-fll.jpg')
INSERT INTO dbo.Products (ProductID ,CategoryID,ProductName,ProductSize,ProductPrice,DiamondID,ShellID,AccountID,MaterialID,Quantity,Description,ImageLink) VALUES ('P0037','4','Lab Diamond Bracelet 0.08ct Set In 925 Sterling Silver','184.2','5922300','31','18','AD001','3','2','A gorgeous Everyday Bracelet in Silver. Rub Over setting. 0.08CT of H/SI quality. Free UK delivery and a 5 year guarantee.The ethical choice and amazing value for money. Lab created diamonds are real diamonds just like mined diamonds.','https://thediamondstore.imgix.net/productimages/LBG2012S_F.jpg')
INSERT INTO dbo.Products (ProductID ,CategoryID,ProductName,ProductSize,ProductPrice,DiamondID,ShellID,AccountID,MaterialID,Quantity,Description,ImageLink) VALUES ('P0038','4','Vivara Collection 0.20ct Diamond And 18K White Gold Bracelet J3359','152.4','20271100','32','18','AD001','1','3','A magnificent Everyday Bracelet in 18K White Gold. Claw setting. 0.20CT of H/SI quality diamonds. Free UK delivery and a 5 year guarantee.','https://thediamondstore.imgix.net/productimages/H1137.jpg')
INSERT INTO dbo.Products (ProductID ,CategoryID,ProductName,ProductSize,ProductPrice,DiamondID,ShellID,AccountID,MaterialID,Quantity,Description,ImageLink) VALUES ('P0047','5','Vintage Heart Locket Lab Diamond Necklace White Topaz In 18K Gold Vermeil','406.4','14743666.6667','32','2','AD001','4','5','Discover our Vintage Heart Locket Lab Diamond Necklace, featuring diamonds and white topaz stones, set in the finest 18ct gold vermeil. This locket makes a perfect, meaningful gift for a loved one, as you can include a special photo inside – making it extra special to celebrate a special occasion such as an anniversary with, or even to mark a milestone like a new baby. The centre heart is covered in pavé diamonds, while the chain is adorned with white topaz stones in a rub-over setting, adding intrigue to an otherwise plain chain. The lab-grown stones make this locket as sustainable as it is beautiful','https://thediamondstore.imgix.net/productimages/AUP3253-d1.jpg')
INSERT INTO dbo.Products (ProductID ,CategoryID,ProductName,ProductSize,ProductPrice,DiamondID,ShellID,AccountID,MaterialID,Quantity,Description,ImageLink) VALUES ('P0039','4','Evening Bracelet 1.00CT Diamond 9K White Gold','185','77801800','33','19','AD001','1','5','This beautifully handcrafted evening bracelet features 1.00CT of premium diamonds, each stone round-brilliant cut and pave set for magnificent radiance. The design is feminine yet luxurious, making this an ideal piece for formal occasions and elegant nights out.','https://thediamondstore.imgix.net/productimages/G1328.jpg')
INSERT INTO dbo.Products (ProductID ,CategoryID,ProductName,ProductSize,ProductPrice,DiamondID,ShellID,AccountID,MaterialID,Quantity,Description,ImageLink) VALUES ('P0081','4','Diamond Tennis Bracelet Rub Over Style 1.00ct 9K Gold','185','63923200','33','16','AD001','4','2','Described by customers as being ''the perfect gift'', your loved one will be smitten with this breathtaking tennis bracelet. This Emily bracelet exudes elegance as it features 1.00CT of Premium Quality Diamonds encased in rub over settings made from glistening 9K yellow gold.','https://thediamondstore.imgix.net/productimages/G1160.jpg')
INSERT INTO dbo.Products (ProductID ,CategoryID,ProductName,ProductSize,ProductPrice,DiamondID,ShellID,AccountID,MaterialID,Quantity,Description,ImageLink) VALUES ('P0089','4','Evening Bracelet 1.00CT Lab Diamond In 925 Silver','185','59750633.3334','33','19','AD001','3','6','This exquisitely shimmering evening bracelet features ethical lab grown diamonds. Each diamond is round-brilliant cut and pave set to create magnificent radiance. With a luxurious design, it is the perfect gift for any big occasion, sure to make your loved one feel extra special.','https://thediamondstore.imgix.net/productimages/G1328.jpg')
INSERT INTO dbo.Products (ProductID ,CategoryID,ProductName,ProductSize,ProductPrice,DiamondID,ShellID,AccountID,MaterialID,Quantity,Description,ImageLink) VALUES ('P0040','4','Evening Bracelet 8.11ct Lab Diamond 9K White Gold','177.8','129692133.3333','34','19','AD001','1','3','A wonderful Evening Bracelet in 9K White Gold. Claw setting. 7.01CT of H/SI quality. Free UK delivery and a 5 year guarantee.The ethical choice and amazing value for money. Lab created diamonds are real diamonds just like mined diamonds.','https://thediamondstore.imgix.net/productimages/LBG1433W_F.jpg')
INSERT INTO dbo.Products (ProductID ,CategoryID,ProductName,ProductSize,ProductPrice,DiamondID,ShellID,AccountID,MaterialID,Quantity,Description,ImageLink) VALUES ('P0043','5','Diamond Necklace Tara 10.00ct Look In 18K White Gold D3497','419.1','137001933.3334','35','20','AD001','1','8','Wear 2.25CT of conflict-free diamonds for a luxurious 10-carat look. We''ve used an innovative illusion setting to create a seamless frame around each diamond, making them appear much larger. Feel confident and luxurious in this dazzling diamond necklace, set in substantial 18K gold.','https://thediamondstore.imgix.net/productimages/B1275.jpg')
INSERT INTO dbo.Products (ProductID ,CategoryID,ProductName,ProductSize,ProductPrice,DiamondID,ShellID,AccountID,MaterialID,Quantity,Description,ImageLink) VALUES ('P0044','5','6.00ct Lab Diamond Tennis Necklace In 9K Yellow Gold F/VS','419.1','94722500','36','20','AD001','5','2','Discover our 6.00ct Lab Diamond Tennis Necklace in 9K Yellow Gold G/VS which features 6ct of sparkling, round diamonds set in the finest 9k recycled yellow gold, held together with a secure, easy-fit clasp. This exceptional tennis necklace features a continual line of white diamonds, creating beautiful sparkle with every movement. A tennis necklace is the perfect finishing touch to any outfit, and can be worn as a daily piece, or kept for special occasions. The simplicity of the design means it suits all occasions. Opt for a timeless tennis necklace to mark a milestone for yourself or a loved one, or simply treat yourself to your new favourite piece of jewellery.','https://thediamondstore.imgix.net/productimages/B1275.jpg')
INSERT INTO dbo.Products (ProductID ,CategoryID,ProductName,ProductSize,ProductPrice,DiamondID,ShellID,AccountID,MaterialID,Quantity,Description,ImageLink) VALUES ('P0045','5','Stellato Collection Blue Topaz Diamond Necklace In 9K White Gold','406.4','5922300','37','6','AD001','1','4','This beautiful blue topaz necklace sparkles beautifully in white gold detailed with sparkling accent diamonds. Timeless and dainty, it will make any girl feel luxurious and pretty. An exquisite cannot-go-wrong gift that''s sure to win her heart.','https://thediamondstore.imgix.net/productimages/E2886.jpg')
INSERT INTO dbo.Products (ProductID ,CategoryID,ProductName,ProductSize,ProductPrice,DiamondID,ShellID,AccountID,MaterialID,Quantity,Description,ImageLink) VALUES ('P0046','5','Astra 2.00ct Lab Sapphire And Diamond Halo Octagon Cut Necklace In Silver','406.4','8291200','38','1','AD001','3','4','Learn more about the Astra Lab Sapphire and Diamond Halo Octagon Cut Necklace. The delicate chain - made of the finest sterling silver - is interspersed with subtle, encapsulated diamonds, adding extra intrigue to a classic piece. The beautiful 2.00ct lab grown sapphire sits within a halo of 0.16ct of H/SI consciously crafted diamonds, which creates a beautiful sparkle effect with every movement of the wearer. This Art Deco inspired piece makes a special gift for any occasion, or even a self-gift to treasure. Benefit from free worldwide delivery, sleek packaging a 5-year guarantee.','https://thediamondstore.imgix.net/productimages/NID4226-UU-h.jpg')
INSERT INTO dbo.Products (ProductID ,CategoryID,ProductName,ProductSize,ProductPrice,DiamondID,ShellID,AccountID,MaterialID,Quantity,Description,ImageLink) VALUES ('P0048','5','Lab Diamond Heart Necklace Pendant 0.10ct H/SI Set In 18K Gold Vermeil','406.4','4027200','39','21','AD001','4','7','Discover our Lab Diamond Heart Necklace Pendant, with 0.10ct of H/SI lab-grown diamonds set in the finest silver vermeil. The bright white diamonds are highlighted by the cool tones of the silver vermeil they’re safely set in, and the pavé setting ensures beautiful sparkle with every movement. Lovely both layered up or worn alone, this necklace makes a perfect daily wear accessory and is the ultimate jewellery box staple. A wonderful gift for any occasion, this heart shaped pendant with a lab-grown pavé diamond design will remind the wearer of your love every day.','https://thediamondstore.imgix.net/productimages/JBK-ANDG3588U-d1.jpg')
INSERT INTO dbo.Products (ProductID ,CategoryID,ProductName,ProductSize,ProductPrice,DiamondID,ShellID,AccountID,MaterialID,Quantity,Description,ImageLink) VALUES ('P0071','3','Lab Diamond Stud Earrings 5mm 0.10ct H/Si In 18K Gold Vermeil','4.8','3801266.6667','39','11','AD001','4','1','Discover our Lab Diamond Stud Earrings 5mm, featuring 0.10ct of H/Si diamonds set in the finest 18ct gold vermeil. An incredibly versatile earring, these studs complement any outfit or occasion, and can be worn all the time – making them an excellent gift to celebrate an occasion or to mark a milestone. The illusion of these stud earrings enhances the appearance of the centre stone, making them appear bigger than they are. Additionally, the stones used are lab-grown, making these stud earrings as sustainable as they are beautiful. *Video features the Lab Diamond Stud Earrings 5mm 0.10ct H/Si In 925 Silver.','https://thediamondstore.imgix.net/productimages/ANDH5235U-d2.jpg')
INSERT INTO dbo.Products (ProductID ,CategoryID,ProductName,ProductSize,ProductPrice,DiamondID,ShellID,AccountID,MaterialID,Quantity,Description,ImageLink) VALUES ('P0097','5','Lab Diamond Heart Necklace Pendant 0.10ct H/SI Set In 925 Silver','406.4','4026800','39','21','AD001','3','6','Discover our Lab Diamond Heart Necklace Pendant, with 0.10ct of lab grown H/SI diamonds, set in the finest recycled 925 Silver. The heart motif is outlined with a line of diamonds, catching the light and sparkling with every movement. This delicate piece looks equally pretty when worn alone, or layered up with your other favourite pendants. The lab grown diamonds make this piece an ethical and budget-friendly choice, while still boasting all the same beauty and specifications as natural mined stones. This meaningful heart pendant makes an excellent gift for a loved one as it is a great daily wear piece, reminding them of your love every day. Mark a milestone or gift yourself your new favourite jewellery piece.','https://thediamondstore.imgix.net/productimages/Nov22_NDG3588U.jpg')
INSERT INTO dbo.Products (ProductID ,CategoryID,ProductName,ProductSize,ProductPrice,DiamondID,ShellID,AccountID,MaterialID,Quantity,Description,ImageLink) VALUES ('P0042','4','1.50ct Lab Diamond Bracelet 4ct Look 9K White Gold','184.2','29746800','40','16','AD001','1','2','An alluring Diamond Tennis Bracelet in 9K White Gold. Claw setting. 1.50CT of H/SI quality. Free UK delivery and a 5 year guarantee.The ethical choice and amazing value for money. Lab created diamonds are real diamonds just like mined diamonds.','https://thediamondstore.imgix.net/productimages/LBG2015W_F.jpg')
INSERT INTO dbo.Products (ProductID ,CategoryID,ProductName,ProductSize,ProductPrice,DiamondID,ShellID,AccountID,MaterialID,Quantity,Description,ImageLink) VALUES ('P0052','1','Charlotte 2.6MM Wedding Band 0.20ct H/Si Diamonds 18KW Gold','15.69','27572799.9999667','41','22','AD001','4','2','If you seek a luxurious wedding band that looks and feels exclusive, this Charlotte diamond wedding ring is simply perfect. Handcrafted with 0.20CT of round brilliant cut diamonds in a mixed claw and channel setting made of 18K white gold, it embodies timeless elegance. Also available with one of our matching Charlotte engagement rings.','https://thediamondstore.imgix.net/productimages/SR35WB.jpg')
INSERT INTO dbo.Products (ProductID ,CategoryID,ProductName,ProductSize,ProductPrice,DiamondID,ShellID,AccountID,MaterialID,Quantity,Description,ImageLink) VALUES ('P0053','1','Jessica 18K Gold Diamond Wedding Ring 0.28CT H/SI','21.79','33797799.9999667','42','22','AD001','5','6','An exceptional Jessica Diamond Wedding Ring in 18K Yellow Gold. Rub Over setting. 0.28CT of H/SI quality diamonds. Free UK delivery and a 5 year guarantee.','https://thediamondstore.imgix.net/productimages/16270.jpg')
INSERT INTO dbo.Products (ProductID ,CategoryID,ProductName,ProductSize,ProductPrice,DiamondID,ShellID,AccountID,MaterialID,Quantity,Description,ImageLink) VALUES ('P0054','1','Jessica 18K White Gold Diamond Wedding Ring 0.28CT G/VS','19.96','37181000.0000333','43','22','AD001','1','8','An elegant Jessica Diamond Wedding Ring in 18K White Gold. Rub Over setting. 0.28CT of G/VS quality diamonds. Free UK delivery and a 5 year guarantee.','https://thediamondstore.imgix.net/productimages/14312.jpg')
INSERT INTO dbo.Products (ProductID ,CategoryID,ProductName,ProductSize,ProductPrice,DiamondID,ShellID,AccountID,MaterialID,Quantity,Description,ImageLink) VALUES ('P0055','1','Blue Topaz 9.35CT 9K Yellow Gold Ring','16.51','11807300.0000333','44','5','AD001','5','4','This breathtaking ring showcases blue topaz to stunning effect and would be the ideal gift for any lady who loves bold, statement jewellery. The ring features a staggering 9.35CT sky blue topaz which is emerald cut and measures 14x10mm. The stunning blue topaz gemstone is claw set within a glowing band of 9K yellow gold that adds the perfect finishing touch.An elegant Jessica Diamond Wedding Ring in 18K White Gold. Rub Over setting. 0.28CT of G/VS quality diamonds. Free UK delivery and a 5 year guarantee.','https://thediamondstore.imgix.net/productimages/10438.jpg')
INSERT INTO dbo.Products (ProductID ,CategoryID,ProductName,ProductSize,ProductPrice,DiamondID,ShellID,AccountID,MaterialID,Quantity,Description,ImageLink) VALUES ('P0056','1','Ruby 1.15ct And Diamond 18K Yellow Gold Alegria Ring','16.51','24212233.3333667','45','5','AD001','5','4','Sensationally luxurious, this ruby and diamond ring looks stunning on the hand. With beautiful red rubies and sparkling diamonds in an exceptional design, it''s sure to catch the eye. The perfect gift for a special someone.','https://thediamondstore.imgix.net/productimages/L2348.jpg')
INSERT INTO dbo.Products (ProductID ,CategoryID,ProductName,ProductSize,ProductPrice,DiamondID,ShellID,AccountID,MaterialID,Quantity,Description,ImageLink) VALUES ('P0057','1','Amethyst 6.40ct And Diamond 9K Gold Ring','15.29','11920933.3333667','46','5','AD001','4','3','This amethyst cocktail ring in yellow gold would make a stunning statement piece to accessorize any outfit with style. With a claw setting that allows maximum light to reflect off the amethyst, it also features two sparkling accent diamonds on the ring''s shoulders. If you''re looking for a showstopping gemstone piece for your collection, this ring is an exceptional choice.','https://thediamondstore.imgix.net/productimages/L2177.jpg')
INSERT INTO dbo.Products (ProductID ,CategoryID,ProductName,ProductSize,ProductPrice,DiamondID,ShellID,AccountID,MaterialID,Quantity,Description,ImageLink) VALUES ('P0058','1','Emerald And Lab Diamond Halo Statement Ring 9KW Gold - Asteria','17.73','20942666.6667','47','5','AD001','4','6','As extravagant as it is elegant, this four-band emerald statement ring showcases breathtaking detail. On each of its bands, it features a luscious, vivid green emerald and sustainable lab grown diamonds. Set in polished white gold, it looks and feels gorgeous on the hand.','https://thediamondstore.imgix.net/productimages/DR70-E_01w.jpg')
INSERT INTO dbo.Products (ProductID ,CategoryID,ProductName,ProductSize,ProductPrice,DiamondID,ShellID,AccountID,MaterialID,Quantity,Description,ImageLink) VALUES ('P0059','1','1.30ct Emerald And Lab Diamond Eternity Ring 9K Gold - Asteria','20.37','12372066.6667','48','3','AD001','4','2','Made with the finest glowing green emeralds and sustainable lab grown diamonds, and set in luxurious yellow gold, this five-stone ring promises to catch the eye and win her heart. Exquisitely handcrafted, the emeralds are chosen for their exquisite colour and clarity, and oval cut to show off their glow to maximum effect.','https://thediamondstore.imgix.net/productimages/DR68-E_01.jpg')
INSERT INTO dbo.Products (ProductID ,CategoryID,ProductName,ProductSize,ProductPrice,DiamondID,ShellID,AccountID,MaterialID,Quantity,Description,ImageLink) VALUES ('P0060','1','Masami Marquise Lab Diamond Engagement Ring Halo Pave Set In 925 Sterling Silver','14.68','6597200.00003333','49','3','AD001','2','4','A gorgeous Ella Marquise Engagement Ring in Silver. Pave setting. 0.15CT of Premium Quality diamonds. Free UK delivery and a 5 year guarantee.','https://thediamondstore.imgix.net/productimages/C3812_01.jpg')
INSERT INTO dbo.Products (ProductID ,CategoryID,ProductName,ProductSize,ProductPrice,DiamondID,ShellID,AccountID,MaterialID,Quantity,Description,ImageLink) VALUES ('P0061','1','Mens 3ct G/Vs Diamond 18K Gold Full Band Ring','19.56','226164399.999967','50','6','AD001','5','3','A glamorous Men''s Diamond Ring in 18K Yellow Gold. Channel setting. 3.00CT of G/VS quality diamonds. Free UK delivery and a 5 year guarantee','https://thediamondstore.imgix.net/productimages/HG33-300Y0.jpg')
INSERT INTO dbo.Products (ProductID ,CategoryID,ProductName,ProductSize,ProductPrice,DiamondID,ShellID,AccountID,MaterialID,Quantity,Description,ImageLink) VALUES ('P0062','2','Alessandra Lab Diamond Engagement Ring Platinum 1.10CT F/VS1','20.78','35469033.3333667','51','7','AD001','2','4','When you propose, she''ll cherish this luxurious 1.10CT lab grown diamond halo ring with its exquisitely handcrafted platinum setting encrusted with dazzling sidestones. The solitaire is quality certified at G/VS1 grade by IGI, one of the most esteemed gemmological grading experts in the world.','https://thediamondstore.imgix.net/productimages/LBSR38-D50w-3.jpg')
INSERT INTO dbo.Products (ProductID ,CategoryID,ProductName,ProductSize,ProductPrice,DiamondID,ShellID,AccountID,MaterialID,Quantity,Description,ImageLink) VALUES ('P0063','2','Alessandra Blue Lab Diamond 1.10.Ct Halo Ring In 18K Yellow Gold - Elara Collection','21.79','78117200.0000333','52','7','AD001','5','6','This exquisite Alessandra ring is part of our new Elara Collection that showcases the breathtaking beauty of sustainable coloured lab diamonds. The magnificent blue lab diamond solitaire looks elegant in a yellow gold setting, catching the eye with its unrivalled brilliance. An unforgettable, ethical gift your loved one will cherish forever.','https://thediamondstore.imgix.net/productimages/LBSR38-BD50y-2.jpg')
INSERT INTO dbo.Products (ProductID ,CategoryID,ProductName,ProductSize,ProductPrice,DiamondID,ShellID,AccountID,MaterialID,Quantity,Description,ImageLink) VALUES ('P0064','2','Certified Leah 18K White Gold Diamond Engagement Ring 0.25CT-G-H/SI','21.38','24010133.3333667','53','7','AD001','1','1','A stunning contemporary take on a classic design, the Leah white gold engagement ring would make a beautiful ring to pop the question with. This magnificent ring features a 0.25CT G-H/SI1 Quality Diamond which glistens in a six claw setting and is finished with an 18K twisted white gold band. An excellent ring to make your proposal a success.','https://thediamondstore.imgix.net/productimages/UT20-025W1.jpg')
INSERT INTO dbo.Products (ProductID ,CategoryID,ProductName,ProductSize,ProductPrice,DiamondID,ShellID,AccountID,MaterialID,Quantity,Description,ImageLink) VALUES ('P0065','2','Multi Gem Flower Design Stellato Collection Ring In 9K White Gold','15.08','16746699.9999667','54','23','AD001','1','3','Exuding colour, pizzazz and luxury, this stunning floral gemstone ring from our Stellato collection is simply breathtaking. With citrine, garnet, peridot and blue topaz on the petals and luscious diamonds set around them, its design is both unique and timeless. Perfect for celebrating a happy occasion.','https://thediamondstore.imgix.net/productimages/C3783.jpg')
INSERT INTO dbo.Products (ProductID ,CategoryID,ProductName,ProductSize,ProductPrice,DiamondID,ShellID,AccountID,MaterialID,Quantity,Description,ImageLink) VALUES ('P0067','2','Blue Sapphire Yellow Sapphire And Diamond Stellato Ring 9K White Gold','20.37','15258099.9999667','55','23','AD001','1','1','As extravagant as it is elegant, this blue and yellow sapphire ring features a breathtaking floral design set in white gold. Accentuated with sparkling diamonds on the petals, its beauty is simply breathtaking. This ring is sure to become a cherished part of your jewellery collection.','https://thediamondstore.imgix.net/productimages/C3780.jpg')
INSERT INTO dbo.Products (ProductID ,CategoryID,ProductName,ProductSize,ProductPrice,DiamondID,ShellID,AccountID,MaterialID,Quantity,Description,ImageLink) VALUES ('P0074','3','Stellato Ruby 0.86ct And Diamond 9K Gold Earrings','19','15303199.9999667','55','12','AD001','4','4','This gorgeous pair of ruby earrings is perfect for anyone who adores lavish gemstone jewellery. The beautiful red rubies compete in radiance with dainty accent diamonds to define your features with dazzle. Handcrafted in yellow gold for a luxurious overall look.','https://thediamondstore.imgix.net/productimages/F2470.jpg')
INSERT INTO dbo.Products (ProductID ,CategoryID,ProductName,ProductSize,ProductPrice,DiamondID,ShellID,AccountID,MaterialID,Quantity,Description,ImageLink) VALUES ('P0068','2','Sapphire 1.36CT And Diamond Lattice Ring In 18K Gold - N4539','17.32','69321000','56','23','AD001','5','5','The sheer joy she''ll get from looking at this outstanding, beautiful ring will make her smile all day. Extravagant yet elegant, its 1.36CT of blue sapphires arranged in a lattice design with sparkling white diamonds make it the perfect special occasion gift.','https://thediamondstore.imgix.net/productimages/L2317y.jpg')
INSERT INTO dbo.Products (ProductID ,CategoryID,ProductName,ProductSize,ProductPrice,DiamondID,ShellID,AccountID,MaterialID,Quantity,Description,ImageLink) VALUES ('P0069','2','Anais Diamond Engagement Halo Ring 18KW Gold 0.82CT G/SI2','18.54','82041699.9999667','57','1','AD001','4','3','This ring was designed to make her feel cherished and luxurious. The sublime infinity swirl draws attention to the G/SI2 quality solitaire and comes with an independent report from GIA, the world''s leading diamond authority. The ring is handcrafted with 0.82CT dazzling diamonds that also extend along the lustrous 18K white gold band.','https://thediamondstore.imgix.net/productimages/DR58.jpg')
INSERT INTO dbo.Products (ProductID ,CategoryID,ProductName,ProductSize,ProductPrice,DiamondID,ShellID,AccountID,MaterialID,Quantity,Description,ImageLink) VALUES ('P0070','2','1.20ct Diamond And 18K White Gold Galileo Ring FT70','17.93','80828000','58','1','AD001','1','6','Pretty, romantic and infinitely feminine, this show-stopping, handcrafted diamond and white gold Galileo engagement ring is sure to impress her. The ring features a stunning collection of round cut H/Si Quality Diamonds weighing a total of 1.20CT and sparkle magnificently against the polished 18K white gold band.','https://thediamondstore.imgix.net/productimages/SR36-050W0.jpg')
INSERT INTO dbo.Products (ProductID ,CategoryID,ProductName,ProductSize,ProductPrice,DiamondID,ShellID,AccountID,MaterialID,Quantity,Description,ImageLink) VALUES ('P0090','4','1.20CT Mens Lab Diamond Cuban Link Bracelet In Sterling Silver','209.6','75523500','58','6','AD001','3','7','Discover our Men’s Lab Diamond Cuban Link Bracelet, featuring 1.20ct of lab grown diamonds, set in the finest sterling silver. This chunky diamond bracelet has an elegant yet robust look and is sure to complement any outfit. Add a touch of flair to your everyday look, or simply treat a loved one to a perfect milestone marker, with this beautiful diamond Cuban Link bracelet.','https://thediamondstore.imgix.net/productimages/LBSB2001S.jpg')
INSERT INTO dbo.Products (ProductID ,CategoryID,ProductName,ProductSize,ProductPrice,DiamondID,ShellID,AccountID,MaterialID,Quantity,Description,ImageLink) VALUES ('P0073','3','Aquamarine 0.80CT And Diamond 9K Yellow Gold Earrings','8','4567299.99996667','59','11','AD001','5','6','Aquamarine is the birthstone for March so these beautiful stud earrings will be a much loved gift for anyone born in this month. The wonderfully iridescent colour of the aquamarine stone is balance by the sparkle of the 0.02CT of Premium Quality Diamonds and the 9K yellow gold setting.','https://thediamondstore.imgix.net/productimages/F2033a.jpg')
INSERT INTO dbo.Products (ProductID ,CategoryID,ProductName,ProductSize,ProductPrice,DiamondID,ShellID,AccountID,MaterialID,Quantity,Description,ImageLink) VALUES ('P0075','3','Pink Sapphire 1.15CT And Diamond 9K Yellow Gold Earrings','15','19588599.9999667','60','12','AD001','5','7','Discover our Pink Sapphire and Diamond Earrings, featuring 0.16ct of finest quality diamonds and 1.15ct of pink sapphires, set in 9k yellow gold. The luxurious lines of diamonds and pink sapphires give a hoop-like effect from the front, but the studded back makes them perfectly comfortable for daily wear. The romantic hues of the pink sapphires make them an excellent gift for a meaningful occasion, such as an anniversary. The wearability of these earrings will ensure they’re loved for years to come, and the addition of the coloured sapphires make them a unique addition to anyone’s jewellery collection.','https://thediamondstore.imgix.net/productimages/H4350-h.jpg')
INSERT INTO dbo.Products (ProductID ,CategoryID,ProductName,ProductSize,ProductPrice,DiamondID,ShellID,AccountID,MaterialID,Quantity,Description,ImageLink) VALUES ('P0076','3','Diamond Hoop Earrings 2ct H/Si In 18K White Gold - P3487Y','45','132924500.000033','61','12','AD001','1','4','Showstopping elegance best describes these beautiful diamond and gold hoop earrings. Handcrafted with conflict-free diamonds and the finest 18K white gold, their flirtatious luxury is sure to cause an impression.','https://thediamondstore.imgix.net/productimages/N1265s.jpg')
INSERT INTO dbo.Products (ProductID ,CategoryID,ProductName,ProductSize,ProductPrice,DiamondID,ShellID,AccountID,MaterialID,Quantity,Description,ImageLink) VALUES ('P0078','3','Stellato Blue Topaz And Diamond Earrings 0.03ct In 9K White Gold','20','13275633.3333333','62','13','AD001','1','4','An exceptional pair of Blue Topaz Earrings in 9K White Gold. Claw setting. 0.03CT of Premium Quality diamonds. Free UK delivery and a 5 year guarantee.','https://thediamondstore.imgix.net/productimages/F2392s.jpg')
INSERT INTO dbo.Products (ProductID ,CategoryID,ProductName,ProductSize,ProductPrice,DiamondID,ShellID,AccountID,MaterialID,Quantity,Description,ImageLink) VALUES ('P0079','3','Huggie Earrings Lab Diamond Pave Set 0.33ct In 925 Silver','14','10792299.9999667','63','14','AD001','3','7','These beautiful diamond huggie earrings are meticulously handcrafted with stunning, environmentally sustainable lab grown diamonds in polished sterling silver. They frame your features with beautiful shimmer and make a perfect gift for any special occasion.','https://thediamondstore.imgix.net/productimages/F1791a.jpg')
INSERT INTO dbo.Products (ProductID ,CategoryID,ProductName,ProductSize,ProductPrice,DiamondID,ShellID,AccountID,MaterialID,Quantity,Description,ImageLink) VALUES ('P0080','3','Sapphire 6mm X 4mm And Diamond Cluster 9K Yellow Gold Earrings','11','10115700','64','10','AD001','5','9','A timeless classic, these sapphire earrings will be cherished for years to come and look truly fabulous for special occasions. The earrings feature deep blue sapphires which are nestled within 0.07CT of Premium Quality Diamonds.','https://thediamondstore.imgix.net/productimages/z1025.jpg')
INSERT INTO dbo.Products (ProductID ,CategoryID,ProductName,ProductSize,ProductPrice,DiamondID,ShellID,AccountID,MaterialID,Quantity,Description,ImageLink) VALUES ('P0082','4','Chloe Lab Diamond Tennis Bracelet 3.00ct H/Si Set In 9K White Gold','185','40341533.3333333','65','16','AD001','1','4','Discover our Chloe Lab Diamond Tennis Bracelet. This tennis bracelet boasts 3.00ct of lab grown diamonds, set in the finest recycled 9K white gold. A classic for a reason, a timeless tennis bracelet complements any outfit, and any occasion. Worn alone, it makes for a beautiful statement piece – perfect for the evening - but this tennis bracelet looks equally impactful when stacked with other jewellery, for an everyday look. The secure clasp ensures your bracelet stays safe and steady on the wrist. Mark a milestone or treat yourself with a sparkling tennis bracelet.','https://thediamondstore.imgix.net/productimages/DBR01-3W.jpg')
INSERT INTO dbo.Products (ProductID ,CategoryID,ProductName,ProductSize,ProductPrice,DiamondID,ShellID,AccountID,MaterialID,Quantity,Description,ImageLink) VALUES ('P0083','4','4ct Lab Diamond Tennis Bracelet Claw Set In 9K White Gold F/VS','185','51979600','66','16','AD001','1','3','Featuring 4CT of sparkling, sustainable lab grown diamonds in pristine white gold, this Chloe tennis bracelet exudes glamour on your wrist. The round cut diamonds showcase exceptional sparkle in a beautifully crafted claw setting. It''s the perfect gift for any special occasion.','https://thediamondstore.imgix.net/productimages/G1371.jpg')
INSERT INTO dbo.Products (ProductID ,CategoryID,ProductName,ProductSize,ProductPrice,DiamondID,ShellID,AccountID,MaterialID,Quantity,Description,ImageLink) VALUES ('P0085','4','18K White Gold Diamond Bangle 2.00ct H/Si','190','133785100.000033','67','17','AD001','1','6','An alluring Diamond Bangle in 18K White Gold. Channel setting. 2.00CT of H/SI quality diamonds. Free UK delivery and a 5 year guarantee.','https://thediamondstore.imgix.net/productimages/15603.jpg')
INSERT INTO dbo.Products (ProductID ,CategoryID,ProductName,ProductSize,ProductPrice,DiamondID,ShellID,AccountID,MaterialID,Quantity,Description,ImageLink) VALUES ('P0086','4','0.19ct Diamond And Silver Twist Bracelet - UD3241','184.2','10115700','68','2','AD001','3','3','Discover our Diamond and Silver Twist Bracelet, with 0.19ct of premium quality diamonds set in the finest recycled silver. This twist on a tennis bracelet makes for a unique, eye-catching piece; perfect as an evening wear statement, but can equally be layered up with other jewellery for a more casual look. The waves of silver between the round solitaire diamonds enhances the cool toned, sparkling stones, and creates the illusion of never-ending diamonds. The bracelet is secured with a special, handcrafted clasp, ensuring it remains safe and steady on the wrist. Perfect to mark a milestone, or as a special treat to yourself, this diamond twist bracelet is guaranteed to please.','https://thediamondstore.imgix.net/productimages/UD3241-d1.jpg')
INSERT INTO dbo.Products (ProductID ,CategoryID,ProductName,ProductSize,ProductPrice,DiamondID,ShellID,AccountID,MaterialID,Quantity,Description,ImageLink) VALUES ('P0087','4','9K Gold Diamond And Sapphire Claw Set Link Bracelet','185','32106300','69','2','AD001','5','7','Sapphires and diamonds are a beautiful combination and this stunning link bracelet showcases their natural beauty to great effect. The bracelet features an impressive 2.15CT of round cut sapphires which are interspersed with 0.17CT of glistening Premium Quality Diamonds. The gemstones are claw set within 9K yellow gold which provides the perfect contrast.','https://thediamondstore.imgix.net/productimages/I3596-d1.jpg')
INSERT INTO dbo.Products (ProductID ,CategoryID,ProductName,ProductSize,ProductPrice,DiamondID,ShellID,AccountID,MaterialID,Quantity,Description,ImageLink) VALUES ('P0091','5','Wanderlust Floating Lab Diamond Solitaire Necklace 1.00ct H/SI In 9K Yellow Gold','406.4','45187800.0000333','70','7','AD001','5','9','Discover our Wanderlust Floating Round Diamond Solitaire Pendant Necklace, featuring a 1.00ct lab-grown diamond, suspended from a fine yellow gold chain. This necklace is a modern taken on a classic pendant necklace, with the suspension hidden behind the diamond, giving the stone the illusion of ‘floating’ on the neckline. The round diamond delicately sits on the collar, creating beautiful sparkle with every movement. Due to this necklace’s simplicity, it’s perfect for daily wear, but can equally be saved to complement special occasion outfits. The ideal gift for birthdays, weddings and occasions, this floating solitaire necklace will be loved for years to come.','https://thediamondstore.imgix.net/productimages/JBK-NDD3552-322JUA-d1.jpg')
INSERT INTO dbo.Products (ProductID ,CategoryID,ProductName,ProductSize,ProductPrice,DiamondID,ShellID,AccountID,MaterialID,Quantity,Description,ImageLink) VALUES ('P0092','5','Astra 2.40ct Lab Emerald And Diamond Solitaire Pear Cut Necklace In Silver','406.4','21009500.0000333','70','7','AD001','3','2','Uncover the Astra Lab Emerald and Diamond Solitaire Pear Cut Necklace, with a beautiful 2.40ct lab grown emerald amongst 0.08CT of H/SI quality diamonds. The impressive, deep-green emerald hangs delicately from the chain, crafted in the finest sterling silver. The smaller diamonds interspersed along the length of the necklace add modern intrigue to a traditional piece, and the minimal claws around the main stone allow it to be appreciated from all angles. This consciously crafted necklace makes an excellent gift for all occasions, but an emerald is especially meaningful to those with a May birthday. When purchasing from The Diamond Store, benefit from free worldwide delivery, sleek packaging and a 5-year guarantee.','https://thediamondstore.imgix.net/productimages/NID4224-GU-d1.jpg')
INSERT INTO dbo.Products (ProductID ,CategoryID,ProductName,ProductSize,ProductPrice,DiamondID,ShellID,AccountID,MaterialID,Quantity,Description,ImageLink) VALUES ('P0098','5','Lab Diamond Circle Necklace Pendant 1 Carat Set In 925 Silver','406.4','23377700.0000333','70','13','AD001','3','6','Perfect in its elegant simplicity, this diamond necklace is ideal for anyone who loves contemporary luxury. The beautifully polished solid sterling silver setting and environmentally sustainable lab grown diamonds give it a high standard look and feel, so you''ll be proud to wear it or give it as a gift.','https://thediamondstore.imgix.net/productimages/LBE3035S.jpg')
INSERT INTO dbo.Products (ProductID ,CategoryID,ProductName,ProductSize,ProductPrice,DiamondID,ShellID,AccountID,MaterialID,Quantity,Description,ImageLink) VALUES ('P0094','5','Diamond Necklace Pyrus Halo 11.00ct In 18K Rose Gold','431.8','450297366.6667','72','1','AD001','6','5','Representing romance, luxury and exceptional craftsmanship, this rose gold and diamond necklace with its 11 carats of H/Si diamonds is simply sensational. With a sophisticated, exotic look that includes a beautiful halo design all the way through, it''s a true modern classic, perfect for marking your life''s biggest occasions.','https://thediamondstore.imgix.net/productimages/B1278.jpg')
INSERT INTO dbo.Products (ProductID ,CategoryID,ProductName,ProductSize,ProductPrice,DiamondID,ShellID,AccountID,MaterialID,Quantity,Description,ImageLink) VALUES ('P0095','5','Diamond Necklace Pyrus Chandelier 12.60ct H/Si Diamonds 18K Rose Gold','419.1','537212199.999967','73','20','AD001','6','8','This exceptional diamond necklace ring is simply breathtaking. With its luxurious design, handcrafted out of rose gold and high grade H/Si diamonds, it features a breathtaking 12.60 carats of round brilliant cut stones. Its romantic opulence is guaranteed to catch the eye and be admired wherever you go.','https://thediamondstore.imgix.net/productimages/B1277.jpg')
INSERT INTO dbo.Products (ProductID ,CategoryID,ProductName,ProductSize,ProductPrice,DiamondID,ShellID,AccountID,MaterialID,Quantity,Description,ImageLink) VALUES ('P0096','5','5.00ct Lab Diamond Tennis Necklace 3/4 Set In 9K Gold F/VS','419.1','99634200','74','20','AD001','4','1','Discover our 5.00ct Lab Diamond Tennis necklace 3/4 Set in 9k Gold G/VS featuring 5ct of sparkling, round diamonds set in the finest 9k recycled yellow gold. The front section of the necklace that sits on the collarbones is adorned with a continual line of diamonds, casting beautiful sparkle with every movement. The area around the clasp that sits behind the neck is solid yellow gold, giving the illusion of a full row of diamonds. The smooth gold back of this necklace means it sits comfortably on the neck without catching on any hair or clothing – perfect for those with longer hair. Opt for a timeless tennis necklace to mark a milestone for yourself or a loved one, or simply treat yourself to your new favourite piece of jewellery.','https://thediamondstore.imgix.net/productimages/NDD3549-7XUA-h.jpg')
INSERT INTO dbo.Products (ProductID ,CategoryID,ProductName,ProductSize,ProductPrice,DiamondID,ShellID,AccountID,MaterialID,Quantity,Description,ImageLink) VALUES ('P0099','5','Ruby 5 X 3mm And Diamond 9K Yellow Gold Pendant Necklace','406.4','15776900','75','2','AD001','5','7','Rubies, diamonds and yellow gold combine brilliantly to create a romantic heart design in this show-stopping necklace. The necklace features two marquise cut rich red rubies measuring 5x3mm which take pride of place between a collection of crisp white Premium Quality Diamonds weighing 0.02CT and gleaming 9K yellow gold.','https://thediamondstore.imgix.net/productimages/Z1060.jpg')
INSERT INTO dbo.Products (ProductID ,CategoryID,ProductName,ProductSize,ProductPrice,DiamondID,ShellID,AccountID,MaterialID,Quantity,Description,ImageLink) VALUES ('P0100','5','Sapphire 9 X 14 Mm And Diamond 9K Yellow Gold Pendant Necklace','406.4','14649166.6666667','76','2','AD001','5','4','The beautiful leaf design of this sapphire pendant and combination of gleaming yellow gold and sparkling diamonds creates a delicate, pretty necklace. The pendant features three small round cut sapphires which are claw set and held by yellow gold which contrast brilliantly with the collection of Premium Quality Diamonds.','https://thediamondstore.imgix.net/productimages/Z1010.jpg')
GO

INSERT [dbo].[Order Detail] ([OrdersID], [ProductsID], [Quantity], [Price]) VALUES (N'O00001', N'P0001', 2, 197530.859)
GO